name, price, description, stock, discontinued, photo, merchant_id
trampoline,223,Voluptatem maxime id voluptas architecto.,26, true,image_not_available.jpg,25
basketball,874,Tempore in soluta.,20, true,image_not_available.jpg,20
pole vault,3949,Quaerat atque officiis omnis mollitia.,15, false,image_not_available.jpg,14
Martian sweater,2320,Ullam ipsum et perspiciatis.,15, false,bruno_mars_sweater.jpg,1
Sunscreen,848,Adipisci doloremque enim consequatur et molestiae possimus.,22, false,image_not_available.jpg,30
Radiation shield,1056,Dolores esse rerum et voluptatibus nulla sed pariatur.,36, false,image_not_available.jpg,3
Wool socks,4262,Delectus et eligendi voluptate minus et neque nesciunt.,5, false,image_not_available.jpg,11
Mars mud face mask,1434,Facere quo voluptates labore.,16, true,image_not_available.jpg,17
Dehydrated soup ,1961,Architecto eaque similique.,49, false,image_not_available.jpg,28
Handcrank radio,2755,Consequatur id provident dolorem ipsam animi culpa repudiandae.,12, false,image_not_available.jpg,2
Ham radio,4727,Minima illum et modi optio natus quo.,9, false,image_not_available.jpg,28
Sun umbrella,2195,Aspernatur in quaerat quod culpa dicta.,15, false,image_not_available.jpg,41
Vitamin D gummies,4940,Quis error inventore voluptatibus officiis dolorem aliquam.,8, true,image_not_available.jpg,50
Binoculars,2548,Et temporibus quasi reprehenderit rem aut a voluptas.,45, false,image_not_available.jpg,41
Telescope,3315,Vel magnam fugiat saepe laudantium iusto.,21, true,image_not_available.jpg,33
Paper ballots,2331,Quaerat natus tempore deleniti et nihil voluptatibus.,39, false,image_not_available.jpg,44
Gavel,4593,Vero non eum.,15, false,image_not_available.jpg,37
Podium,400,Animi quae ipsum.,38, false,image_not_available.jpg,29
Robert’s Rules Handbook,3735,Ut facere omnis unde iste.,1, false,image_not_available.jpg,25
Bug out backback,587,Aperiam ut voluptatum.,18, false,image_not_available.jpg,41
Compass,4345,Ipsa deserunt repudiandae officia molestiae asperiores est.,8, false,image_not_available.jpg,12
Mars map – design a,1151,Iste aut repellat saepe consequatur facilis quis nisi.,37, true,image_not_available.jpg,6
Mars map – design b,1817,Aut enim consequatur tempore ut error unde nam.,1, false,image_not_available.jpg,43
Mars map – design c,1010,Voluptatem qui tenetur nihil.,1, true,image_not_available.jpg,35
Mars map – design d,3723,Commodi officiis fugit.,12, false,image_not_available.jpg,2
Jacks,1468,Voluptatem doloribus in.,32, false,image_not_available.jpg,1
Lab notebook,4498,Qui mollitia itaque atque porro aut et.,31, false,image_not_available.jpg,25
Teeball set,4681,Ut nemo et accusantium quis sed velit et.,3, false,image_not_available.jpg,48
Headlamp,4617,Reiciendis laudantium aliquam corporis quis excepturi.,14, false,image_not_available.jpg,3
Paracord,2248,Excepturi ea veritatis necessitatibus molestias.,22, false,image_not_available.jpg,11
Phobos Military Knife,4668,Inventore similique hic qui placeat qui est.,24, false,image_not_available.jpg,14
Deimos Military Knife,2488,Sint adipisci nihil similique omnis recusandae voluptatibus.,1, false,image_not_available.jpg,2
Bow,4799,Nostrum at itaque.,32, false,image_not_available.jpg,13
Arrows,3364,Voluptatem aut minus quod tempore aut eos necessitatibus.,35, false,image_not_available.jpg,45
Guaze,3406,Eveniet sit error quis qui minus harum et.,42, false,image_not_available.jpg,24
First Aid Kit,3397,Suscipit maiores quasi harum quis.,5, false,image_not_available.jpg,30
Fishing Line,424,Quisquam voluptatem exercitationem et enim est fuga.,4, false,image_not_available.jpg,50
LlamaHup Hydration Pack,4711,Doloribus velit odit atque.,8, false,image_not_available.jpg,7
Signal Mirror,3590,Amet vel velit deserunt asperiores dolorem.,14, false,image_not_available.jpg,42
Tarp,995,Eos corporis inventore harum asperiores impedit commodi.,31, false,image_not_available.jpg,32
Wool socks,152,Sunt animi qui.,5, false,image_not_available.jpg,12
Wool long underwear,928,Voluptatem sunt molestiae esse minus ipsam.,17, false,image_not_available.jpg,19
Glow sticks,4524,Repellendus tempora velit.,20, true,image_not_available.jpg,6
Tension wrench,4212,Id labore in eos.,10, false,image_not_available.jpg,3
Marsproof photo album,982,Soluta minima modi ut placeat esse voluptatum.,12, false,image_not_available.jpg,50
Cotton balls,4997,Quis rerum sed consequatur tempore quis.,35, false,image_not_available.jpg,12
Hand soap,4349,Accusamus vel asperiores quia rerum.,8, false,mars_soap.jpg,31
Hand sanitizer,2799,Esse iste autem accusantium dolorem id et qui.,46, false,image_not_available.jpg,25
Cards,4339,Rerum qui et.,36, false,image_not_available.jpg,14
Toiletry bag,1207,Molestias omnis vel quaerat quo consectetur vitae animi.,10, false,image_not_available.jpg,33
Nailfile,4648,Molestiae quas omnis tempora soluta et et dolorem.,50, false,image_not_available.jpg,39
Pen,4809,Et qui consequatur iure qui eius.,8, false,image_not_available.jpg,18
First Aid Manual,2266,Molestias non eos aut repudiandae nulla saepe.,37, true,image_not_available.jpg,33
Antibiotics,2919,Nam aliquam ullam laboriosam est laudantium.,9, false,image_not_available.jpg,19
Scissors,922,Voluptatum in commodi id quis impedit praesentium.,32, false,image_not_available.jpg,20
Aspirin,147,Vitae repudiandae at.,16, false,image_not_available.jpg,12
Antacid,3735,Soluta aut exercitationem est ipsum quod vero.,20, false,image_not_available.jpg,3
Antihistamine,1440,Id in nobis nesciunt aut veniam.,24, false,image_not_available.jpg,25
Tweezers,2341,Officiis rerum sit sed quisquam velit exercitationem.,12, false,image_not_available.jpg,31
Chia pet,466,Quod aut ut voluptatem ipsam.,38, false,image_not_available.jpg,35
Herb garden,3225,Modi rerum accusantium enim.,3, false,image_not_available.jpg,43
Antibiotic cream,2025,Perferendis autem autem quis fugiat dicta aut nobis.,41, false,image_not_available.jpg,14
Poncho,3855,Accusantium perspiciatis quo sint molestiae illum officiis quos.,33, false,image_not_available.jpg,22
Emergency blanket,4333,Inventore laboriosam explicabo placeat deleniti illo reprehenderit reiciendis.,16, false,image_not_available.jpg,35
Screwdriver kit,2541,Vel tempore assumenda quo accusamus aut possimus.,43, false,image_not_available.jpg,19
Wool hat,3711,Enim nihil quam id nesciunt.,10, false,image_not_available.jpg,11
Bivy Sack,4601,Enim et facilis.,33, false,image_not_available.jpg,45
n-95 mask,597,Voluptatem facere expedita et recusandae magni.,42, false,image_not_available.jpg,15
waste bags,1403,Aliquid laborum qui et ea et aut tenetur.,2, true,image_not_available.jpg,16
Toothpaste,1923,Eius aut harum aspernatur iste quasi eligendi totam.,44, false,image_not_available.jpg,25
Floss,3017,Accusantium et cumque nihil.,42, false,image_not_available.jpg,49
Toothbrush,1322,Rerum fugit labore a.,13, false,image_not_available.jpg,8
Stuff sack,2828,Rerum quidem voluptas ut mollitia.,9, false,image_not_available.jpg,47
Food bars,2171,Ut dolorem aliquam.,40, false,image_not_available.jpg,17
Life straw,3662,Qui praesentium vel et minus facilis quia.,49, true,image_not_available.jpg,37
Ace wrap,1938,Explicabo maiores necessitatibus voluptas accusantium.,47, false,image_not_available.jpg,18
Razor,1797,Voluptatibus natus perferendis error amet debitis maiores animi.,27, false,image_not_available.jpg,15
Mini Carabiner ,2419,Autem dicta provident sint minus deleniti.,5, false,image_not_available.jpg,3
Medium Carabiner ,3731,Non impedit aut qui dolores.,1, false,image_not_available.jpg,21
Large Carabiner ,1807,Distinctio amet est quas dolor quod quisquam qui.,9, false,image_not_available.jpg,23
Sewing kit,3843,Dolorem asperiores id recusandae.,37, false,image_not_available.jpg,7
Books,3089,Inventore autem alias ipsam sit est qui optio.,46, false,image_not_available.jpg,8
Backpack Rain Cover,2571,Ipsum ea commodi.,39, false,image_not_available.jpg,37
Gum,2913,Fuga velit eos.,4, false,image_not_available.jpg,22
Instant Coffee,945,Numquam ipsum quod dolorem voluptatum labore.,15, false,image_not_available.jpg,49
Zip ties,1101,Quia ullam placeat saepe aut sint nam recusandae.,49, false,image_not_available.jpg,48
Umbrella,1416,Qui aut vel quia.,35, false,image_not_available.jpg,27
Trick cancles,4327,Voluptatibus et quo.,40, false,image_not_available.jpg,42
Clothesline,1345,Quaerat dignissimos a dolor enim rem blanditiis.,43, false,image_not_available.jpg,5
Paper clips,751,Dolorem nesciunt explicabo adipisci.,47, false,image_not_available.jpg,10
Machete,1072,Beatae incidunt unde ipsum corporis delectus aspernatur facilis.,9, false,image_not_available.jpg,33
Mini LED light,2903,Aut aliquid ea eaque et labore placeat.,3, false,image_not_available.jpg,2
Lantern,3894,Voluptatem corporis non dolor qui sed et vero.,7, false,image_not_available.jpg,28
Metal cooking pot,4582,Numquam et reprehenderit.,46, false,image_not_available.jpg,42
Pot scrubber,3137,Ut et architecto dolorum voluptatem ut.,20, false,image_not_available.jpg,34
Portable stove,2184,Non nisi corporis saepe totam voluptas.,44, false,image_not_available.jpg,15
Sunglasses,353,Officiis ducimus veniam et omnis consequatur.,9, false,image_not_available.jpg,13
Bandana,2203,Ut voluptas et facere eum porro consequatur.,45, false,image_not_available.jpg,37
Lightweight work gloves,2706,Ut quibusdam possimus.,25, false,image_not_available.jpg,35
Collapsible bowl,3096,Incidunt beatae ipsa.,12, false,image_not_available.jpg,28
Camp towel,3829,Beatae quisquam hic voluptatibus.,33, false,image_not_available.jpg,31
Dowel,100,Amet ipsam quod autem incidunt qui in in.,24, false,image_not_available.jpg,18
Spork,3705,Non voluptatem repellat quisquam at nihil quaerat iure.,8, false,image_not_available.jpg,14
Waterproof pouch,3926,Vel deserunt culpa.,35, true,image_not_available.jpg,41
AA Batteries,2951,Suscipit sed eum mollitia et nemo iure corporis.,44, false,image_not_available.jpg,2
AAA Batteries,2209,Placeat alias qui ab tempora eum excepturi.,36, false,image_not_available.jpg,5
Lithium Batteries,3449,Veniam amet similique perferendis.,18, false,image_not_available.jpg,34
1.5 Volt alkaline batteries,886,Autem sunt qui non.,48, false,image_not_available.jpg,6
Visine,1046,Eos rem accusantium.,50, false,image_not_available.jpg,11
Twine,1438,Labore enim tempora voluptatem qui.,14, false,image_not_available.jpg,8
Notebook,1046,Porro et omnis reiciendis sit.,23, true,image_not_available.jpg,34
Dice,4540,Minus exercitationem molestiae temporibus facilis.,30, false,image_not_available.jpg,24
S-Bend Pipe,1746,Dignissimos vitae doloribus.,49, false,image_not_available.jpg,22
Dramamine,3133,Deleniti totam maxime placeat ratione blanditiis.,49, false,image_not_available.jpg,15
Seabands,232,Nesciunt qui dolore ut.,24, false,image_not_available.jpg,9
Picture Frame,4123,Iste sint porro omnis nihil.,26, true,image_not_available.jpg,23
Camera,1955,Et in similique et doloremque velit veniam.,22, false,image_not_available.jpg,26
Peanut Butter Crackers,3696,Perferendis est voluptatem nihil et non enim animi.,49, false,image_not_available.jpg,6
Microfiber towels,2742,Velit incidunt id.,28, false,image_not_available.jpg,7
Beef jerky,1492,Magnam omnis incidunt ut.,3, false,image_not_available.jpg,30
Wool blanket,1534,Qui magnam ex quisquam qui non illum dolor.,23, false,image_not_available.jpg,19
Wool poncho,1160,Non magni cumque sunt.,45, false,image_not_available.jpg,21
3D printer,4714,Porro vel nesciunt earum.,12, false,image_not_available.jpg,29
Protractor,1507,Rerum laboriosam accusantium modi.,35, false,image_not_available.jpg,26
Ruler,4426,Nostrum voluptatem error ut dignissimos rem laborum delectus.,31, false,image_not_available.jpg,22
Graph paper,348,Sint quo repellendus.,7, false,image_not_available.jpg,17
Whole Mars Catalog,834,Sint unde voluptatem consequatur amet officia ex.,27, false,image_not_available.jpg,31
Generator,234,Dolorem laudantium similique omnis consequatur explicabo aut et.,50, false,image_not_available.jpg,37
Solar Kit,3896,Commodi omnis qui quis magnam doloremque cum velit.,46, false,image_not_available.jpg,15
Tow Chain,2984,Nisi non et molestias ex ab vitae.,41, false,image_not_available.jpg,32
3D Printer,458,http://opensourceecology.org/wiki/3D_Printer,39, false,3D Printerpic.png,26
3D Scanner,3572,http://opensourceecology.org/wiki/3D_Scanner,44, false,800px-Kinect.jpg,25
Aluminum Extractor,3545,http://opensourceecology.org/wiki/Aluminum_Extractor,35, false,AluminumExtractor.png,4
Backhoe,3631,http://opensourceecology.org/wiki/Backhoe,35, false,Backhoe.png,37
Bakery Oven,1461,http://opensourceecology.org/wiki/Bakery_Oven,46, false,BakeryOver.png,16
Baler,3147,http://opensourceecology.org/wiki/Baler,27, false,Baler.png,37
Bioplastic Extruder,2369,http://opensourceecology.org/wiki/Bioplastic_Extruder,10, false,PlasticExtruder.png,48
Bulldozer,3989,http://opensourceecology.org/wiki/Bulldozer,36, true,600px-Microtrac2015.jpg,25
Car,1788,http://opensourceecology.org/wiki/Car,22, true,Automobile.png,20
CEB Press,3841,http://opensourceecology.org/wiki/CEB_Press,34, false,Machine.jpg,32
Cement Mixer,4815,http://opensourceecology.org/wiki/Cement_Mixer,35, false,CementMixer.png,43
Chipper Hammermill,1866,http://opensourceecology.org/wiki/Chipper_Hammermill,39, false,Chipper.png,29
CNC Circuit Mill,3400,http://opensourceecology.org/wiki/CNC_Machine,50, false,Vmcmounting.png,4
CNC Torch Table,4388,http://opensourceecology.org/wiki/CNC_Torch_Table,2, false,CNC_Torch_Tablepic.jpg,22
Dairy Milker,2154,http://opensourceecology.org/wiki/Dairy_Milker,32, true,MilkingMachine.png,27
Drill Press,3604,http://opensourceecology.org/wiki/Drill_Press,42, false,DrillPress.jpg,13
Electric Motor Generator,561,http://opensourceecology.org/wiki/Electric_Motor_Generator,17, false,ElectricMotorGenerator.png,32
Gasifier Burner,2066,http://opensourceecology.org/wiki/Gasifier_Burner,12, false,GasifierBurner.png,12
Hay Cutter,264,http://opensourceecology.org/wiki/Hay_Cutter,5, true,HayCutter.png,24
Hay Rake,2583,http://opensourceecology.org/wiki/Hay_Rake,50, false,HayRake.png,15
Hydraulic Motor,4118,http://opensourceecology.org/wiki/Hydraulic_Motor,41, false,HydraulicMotor.png,33
Induction Furnace,3336,http://opensourceecology.org/wiki/Induction_Furnace,23, false,InductionFurnace.png,14
Industrial Robot,2137,http://opensourceecology.org/wiki/Industrial_Robot,40, false,IndustrialRobot.jpg,19
Ironworker,4157,http://opensourceecology.org/wiki/Ironworker ,46, false,Ironworker.jpg,16
Laser Cutter,3604,http://opensourceecology.org/wiki/Laser_Cutter,13, false,Laser_Cutterpic.png,44
Metal Roller,3187,http://opensourceecology.org/wiki/Metal_Roller,32, false,Metal_Roller.png,26
Microcombine,4825,http://opensourceecology.org/wiki/Microcombine,23, true,Microcombine.png,5
Microtractor,896,http://opensourceecology.org/wiki/Microtractor,11, false,MicroTrac1.jpg,24
Multimachine,3495,http://opensourceecology.org/wiki/CNC_Machine,3, false,Vmcmounting.png,22
Nickel-Iron Battery,994,http://opensourceecology.org/wiki/Nickel-Iron_Battery,29, false,Nickel-Iron_Batterypic.png,18
Pelletizer,2729,http://opensourceecology.org/wiki/Pelletizer,7, false,Pelletizer.png,2
Plasma Cutter,377,http://opensourceecology.org/wiki/Plasma_Cutter,37, false,PlasmaCutter.png,24
Power Cube,576,http://opensourceecology.org/wiki/Power_Cube,18, true,800px-PowerCube.jpg,30
Press Forge,330,http://opensourceecology.org/wiki/Press_Forge,9, false,PressForge.png,37
Rod and Wire Mill,1873,http://opensourceecology.org/wiki/Rod_and_Wire_Mill,7, false,Rod_and_Wire_Mill.png,34
Rototiller,2191,http://opensourceecology.org/wiki/Rototiller ,3, false,Rototiller.png,7
Sawmill,2624,http://opensourceecology.org/wiki/Sawmill ,8, false,Sawmill2.jpg,2
Seeder,3676,http://opensourceecology.org/wiki/Seeder,37, false,Seeder.png,16
Solar Concentrator,3572,http://opensourceecology.org/wiki/Solar_Concentrator,13, false,SolarConcentrator.png,43
Spader,4331,http://opensourceecology.org/wiki/Spader,22, false,Spader.png,9
Steam Engine,3743,http://opensourceecology.org/wiki/Steam_Engine,33, false,Design-7-A.png,50
Steam Generator,2389,http://opensourceecology.org/wiki/Heat_Exchanger,30, false,Steam_Generator.png,39
Tractor,149,http://opensourceecology.org/wiki/LifeTrac,37, false,LiftTracWithTracks.jpg,2
Trencher,2371,http://opensourceecology.org/wiki/Trencher,27, false,1000px-Trencherv1.jpg,45
Truck,2197,http://opensourceecology.org/wiki/Truck ,19, false,Truck.png,48
Universal Power Supply,1350,http://opensourceecology.org/wiki/Universal_Power_Supply,15, false,UPS.png,32
Universal Rotor,2414,http://opensourceecology.org/wiki/Universal_Rotor,37, false,UniversalRotor.png,12
Welder,4680,http://opensourceecology.org/wiki/Welder,20, false,Welderpic.png,27
Well-Drilling Rig,3510,http://opensourceecology.org/wiki/Well-Drilling_Rig,33, false,Well-Drilling_Rigpic.png,33
Wind Turbine,1613,http://opensourceecology.org/wiki/Wind_Turbine,41, false,WindTurbine.png,24
Bouncy Ball,4430,Sapiente natus expedita voluptatem.,36, false,mars_ball.jpg,9
Soccer Ball,3196,Et quis est quod similique.,33, false,mars_soccer.jpg,17
Dehydrated Ice-Cream ,1262,Dolor ut libero consequuntur magnam illum doloribus pariatur.,29, false,mars_ice_cream.jpg,49
Sweatshirt,3362,Repudiandae eaque nostrum vel aut architecto nisi laudantium.,30, false,mars_sweatshirt.jpeg,3
Mars boots,3536,Quam consequatur et.,27, false,image_not_available.jpg,41
Sundial,3820,Inventore aut labore aut dolore.,26, false,image_not_available.jpg,5
Tennis rackets,3063,Perferendis quam et aut et sapiente necessitatibus.,18, false,image_not_available.jpg,20
Forceps,4451,Occaecati suscipit nihil consequatur.,21, false,image_not_available.jpg,36
Penicillin ,4984,Error animi vitae tenetur est sunt.,23, false,image_not_available.jpg,49
Biochar,1354,Iste nihil debitis illum explicabo ad.,15, false,image_not_available.jpg,17
Oxygen Tank,2410,Incidunt repellendus optio ad et ut.,39, false,image_not_available.jpg,22
Pendulum,2500,Numquam voluptas non sed nulla quia.,48, true,image_not_available.jpg,45
Birth control,1625,Velit ea quo officiis est dolor dolores voluptas.,1, false,image_not_available.jpg,43
Wind up wristwatch  ,4829,Illum qui modi earum accusantium qui est.,11, false,image_not_available.jpg,1
Phonograph,242,Nam assumenda delectus dolor.,14, false,image_not_available.jpg,44
General Ledger,4433,Minus voluptatem inventore quia accusantium est quia.,7, false,image_not_available.jpg,30
Hand Tally Counter,767,Molestiae quis accusamus eaque qui rerum atque.,45, false,image_not_available.jpg,29
Infant formula,2711,Est necessitatibus sit et voluptatem est autem.,29, true,image_not_available.jpg,6
Multivitamins,1597,Quaerat quia porro consequatur commodi illo et rerum.,22, false,image_not_available.jpg,25
Radar,3758,Fuga amet officiis.,12, false,image_not_available.jpg,34
